memo_id,title,date,period,word_count,cluster_id,cluster_label
first_quarter_performance,First Quarter Performance,1991-04-11,1990s,519,0,"yield, bonds, high yield"
random_thoughts_on_the_identification_of_inv_opportunities,Random Thoughts On The Identification Of Inv Opportunities,1994-01-24,1990s,771,0,"yield, bonds, high yield"
how_does_an_inefficient_market_get_that_way,How Does An Inefficient Market Get That Way,1994-07-15,1990s,838,0,"yield, bonds, high yield"
the_value_of_predictions_ii_or_give_that_man_a_cigar,The Value of Predictions II (or 'Give That Man a Cigar'),1996-07-22,1990s,1366,0,"yield, bonds, high yield"
what_s_going_on,What's Going On?,2003-05-16,2000s,2482,0,"yield, bonds, high yield"
risk_and_return_today,Risk and Return Today,2004-10-27,2000s,2753,0,"yield, bonds, high yield"
everyone_knows,Everyone Knows,2007-04-26,2000s,3462,0,"yield, bonds, high yield"
hemlines,Hemlines,2010-09-10,2010s,4488,0,"yield, bonds, high yield"
how_quickly_they_forget,How Quickly They Forget,2011-05-25,2010s,3197,0,"yield, bonds, high yield"
high_yield_bonds_today,High Yield Bonds Today,2013-02-21,2010s,1241,0,"yield, bonds, high yield"
the_outlook_for_equities,The Outlook for Equities,2013-03-13,2010s,4093,0,"yield, bonds, high yield"
gimme_credit,Gimme Credit,2025-03-06,2020s,3005,0,"yield, bonds, high yield"
cockroaches_in_the_coal_mine,Cockroaches in the Coal Mine,2025-11-06,2020s,2831,0,"yield, bonds, high yield"
notes_from_new_york,Notes from New York,2001-09-16,2000s,2450,1,"trump, tariffs, election"
what_worries_me,What Worries Me,2008-08-28,2000s,5365,1,"trump, tariffs, election"
i_d_rather_be_wrong,I’d Rather Be Wrong,2010-03-17,2010s,2150,1,"trump, tariffs, election"
it_s_all_very_taxing,It’s All Very Taxing,2011-11-16,2010s,5324,1,"trump, tariffs, election"
a_fresh_start_hopefully,A Fresh Start (Hopefully),2012-11-09,2010s,3057,1,"trump, tariffs, election"
economic_reality,Economic Reality,2016-05-26,2010s,5658,1,"trump, tariffs, election"
political_reality,Political Reality,2016-08-17,2010s,5599,1,"trump, tariffs, election"
implications_of_the_election,Implications of the Election,2016-11-07,2010s,3537,1,"trump, tariffs, election"
expert_opinion,Expert Opinion,2017-01-10,2010s,4720,1,"trump, tariffs, election"
political_reality_meets_economic_reality,Political Reality Meets Economic Reality,2019-01-30,2010s,5552,1,"trump, tariffs, election"
growing_the_pie,Growing the Pie,2019-04-01,2010s,2919,1,"trump, tariffs, election"
not_enough,Not Enough,2020-06-11,2020s,1150,1,"trump, tariffs, election"
the_winds_of_change,The Winds of Change,2021-11-23,2020s,6313,1,"trump, tariffs, election"
the_pendulum_in_international_affairs,The Pendulum in International Affairs,2022-03-23,2020s,2942,1,"trump, tariffs, election"
shall_we_repeal_the_laws_of_economics,Shall We Repeal the Laws of Economics?,2024-09-19,2020s,6068,1,"trump, tariffs, election"
nobody_knows_yet_again,Nobody Knows (Yet Again),2025-04-09,2020s,3610,1,"trump, tariffs, election"
more_on_repealing_the_laws_of_economics,More on Repealing the Laws of Economics,2025-06-18,2020s,4136,1,"trump, tariffs, election"
go_figure,Go Figure!,2026-03-24,2020s,2837,1,"trump, tariffs, election"
will_it_be_different_this_time,Will It Be Different This Time?,1996-11-25,1990s,1520,2,"rates, fed, economy"
are_you_an_investor_or_a_speculator,Are You An Investor or a Speculator?,1997-09-03,1990s,2094,2,"rates, fed, economy"
how_s_the_market,How's the Market?,1999-04-15,1990s,951,2,"rates, fed, economy"
what_lies_ahead,What Lies Ahead?,2001-10-04,2000s,2990,2,"rates, fed, economy"
quo_vadis,Quo Vadis?,2002-07-26,2000s,2665,2,"rates, fed, economy"
us_and_them,Us and Them,2004-05-07,2000s,2979,2,"rates, fed, economy"
tell_me_i_m_wrong,Tell Me I’m Wrong,2010-01-22,2010s,4145,2,"rates, fed, economy"
it_s_greek_to_me,It’s Greek to Me,2010-07-19,2010s,4780,2,"rates, fed, economy"
all_that_glitters,All That Glitters,2010-12-17,2010s,4140,2,"rates, fed, economy"
on_uncertain_ground,On Uncertain Ground,2012-09-11,2010s,5147,2,"rates, fed, economy"
latest_thinking,Latest Thinking,2018-01-23,2010s,4398,2,"rates, fed, economy"
on_the_other_hand,On the Other Hand,2019-07-26,2010s,3118,2,"rates, fed, economy"
mysterious,Mysterious,2019-10-17,2010s,2759,2,"rates, fed, economy"
nobody_knows_ii,Nobody Knows II,2020-03-03,2020s,3205,2,"rates, fed, economy"
which_way_now,Which Way Now?,2020-03-31,2020s,3266,2,"rates, fed, economy"
knowledge_of_the_future,Knowledge of the Future,2020-04-14,2020s,3670,2,"rates, fed, economy"
the_anatomy_of_a_rally,The Anatomy of a Rally,2020-06-18,2020s,3229,2,"rates, fed, economy"
time_for_thinking,Time for Thinking,2020-08-05,2020s,4646,2,"rates, fed, economy"
coming_into_focus,Coming into Focus,2020-10-13,2020s,5654,2,"rates, fed, economy"
2020_in_review,2020 in Review,2021-03-04,2020s,5636,2,"rates, fed, economy"
thinking_about_macro,Thinking About Macro,2021-07-29,2020s,5447,2,"rates, fed, economy"
sea_change,Sea Change,2022-12-13,2020s,3641,2,"rates, fed, economy"
further_thoughts_on_sea_change,Further Thoughts on Sea Change,2023-10-11,2020s,3526,2,"rates, fed, economy"
easy_money,Easy Money,2024-01-09,2020s,5381,2,"rates, fed, economy"
the_folly_of_certainty,The Folly of Certainty,2024-07-17,2020s,2304,2,"rates, fed, economy"
the_calculus_of_value,The Calculus of Value,2025-08-13,2020s,5050,2,"rates, fed, economy"
this_time_it_s_different,This Time It’s Different,2026-03-24,2020s,5014,2,"rates, fed, economy"
microeconomics_101_supply_demand_and_convertibles,"Microeconomics 101: Supply, Demand and Convertibles",1992-10-08,1990s,896,3,"stocks, ai, stock"
how_the_game_should_be_played,How the Game Should Be Played,1995-05-26,1990s,872,3,"stocks, ai, stock"
who_knew,Who Knew?,1998-01-08,1990s,1018,3,"stocks, ai, stock"
bubble_com,bubble.com,2000-01-02,2000s,4816,3,"stocks, ai, stock"
irrational_exuberance,Irrational Exuberance,2000-05-01,2000s,3267,3,"stocks, ai, stock"
investment_miscellany,Investment Miscellany,2000-11-16,2000s,2719,3,"stocks, ai, stock"
we_re_not_in_1999_anymore_toto,"We're Not In 1999 Anymore, Toto",2000-12-31,2000s,106,3,"stocks, ai, stock"
etorre_s_wisdom,Etorre's Wisdom,2002-09-04,2000s,1903,3,"stocks, ai, stock"
whad_ya_know,Whad’Ya Know?,2003-03-11,2000s,5071,3,"stocks, ai, stock"
the_happy_medium,The Happy Medium,2004-07-21,2000s,3937,3,"stocks, ai, stock"
nobody_knows,Nobody Knows,2008-09-19,2000s,2607,3,"stocks, ai, stock"
what_can_we_do_for_you,What Can We Do For You?,2012-01-10,2010s,3371,3,"stocks, ai, stock"
d_j_vu_all_over_again,Déjà Vu All Over Again,2012-03-19,2010s,4119,3,"stocks, ai, stock"
ditto,Ditto,2013-01-07,2010s,4553,3,"stocks, ai, stock"
getting_lucky,Getting Lucky,2014-01-16,2010s,5337,3,"stocks, ai, stock"
risk_revisited_again,Risk Revisited Again,2015-06-08,2010s,5788,3,"stocks, ai, stock"
it_s_not_easy,It’s Not Easy,2015-09-09,2010s,5560,3,"stocks, ai, stock"
inspiration_from_the_world_of_sports,Inspiration from the World of Sports,2015-10-22,2010s,4096,3,"stocks, ai, stock"
on_the_couch,On the Couch,2016-01-14,2010s,5895,3,"stocks, ai, stock"
what_does_the_market_know,What Does the Market Know?,2016-01-19,2010s,3490,3,"stocks, ai, stock"
there_they_go_again_again,There They Go Again . . . Again,2017-07-26,2010s,5715,3,"stocks, ai, stock"
yet_again,Yet Again?,2017-09-07,2010s,4790,3,"stocks, ai, stock"
latest_update,Latest Update,2020-03-19,2020s,2273,3,"stocks, ai, stock"
calibrating,Calibrating,2020-04-06,2020s,3165,3,"stocks, ai, stock"
uncertainty,Uncertainty,2020-05-11,2020s,2867,3,"stocks, ai, stock"
uncertainty_ii,Uncertainty II,2020-05-28,2020s,2408,3,"stocks, ai, stock"
something_of_value,Something of Value,2021-01-11,2020s,5638,3,"stocks, ai, stock"
bull_market_rhymes,Bull Market Rhymes,2022-05-26,2020s,4725,3,"stocks, ai, stock"
conversation_at_panmure_house,Conversation at Panmure House,2022-06-23,2020s,5893,3,"stocks, ai, stock"
i_beg_to_differ,I Beg to Differ,2022-07-26,2020s,4890,3,"stocks, ai, stock"
the_illusion_of_knowledge,The Illusion of Knowledge,2022-09-08,2020s,5720,3,"stocks, ai, stock"
taking_the_temperature,Taking the Temperature,2023-07-10,2020s,5407,3,"stocks, ai, stock"
mr_market_miscalculates,Mr. Market Miscalculates,2024-08-22,2020s,3070,3,"stocks, ai, stock"
on_bubble_watch,On Bubble Watch,2025-01-02,2020s,4142,3,"stocks, ai, stock"
is_it_a_bubble,Is It a Bubble?,2025-12-09,2020s,5838,3,"stocks, ai, stock"
ai_hurtles_ahead,AI Hurtles Ahead,2026-02-26,2020s,5317,3,"stocks, ai, stock"
you_can_t_predict_you_can_prepare,You Can't Predict. You Can Prepare.,2001-11-20,2000s,4191,4,"debt, leverage, loans"
learning_from_enron,Learning From Enron,2002-03-14,2000s,5499,4,"debt, leverage, loans"
the_new_paradigm,The New Paradigm,2006-10-19,2000s,4535,4,"debt, leverage, loans"
the_race_to_the_bottom,The Race to the Bottom,2007-02-14,2000s,3513,4,"debt, leverage, loans"
it_s_all_good,It’s All Good,2007-07-16,2000s,5240,4,"debt, leverage, loans"
it_s_all_good_really,It’s All Good . . . Really?,2007-07-30,2000s,3146,4,"debt, leverage, loans"
now_it_s_all_bad,Now It’s All Bad?,2007-09-10,2000s,4971,4,"debt, leverage, loans"
no_different_this_time_the_lessons_of_07,No Different This Time – The Lessons of ‘07,2007-12-17,2000s,4343,4,"debt, leverage, loans"
now_what,Now What?,2008-01-10,2000s,4602,4,"debt, leverage, loans"
whodunit,Whodunit,2008-02-20,2000s,4389,4,"debt, leverage, loans"
the_tide_goes_out,The Tide Goes Out,2008-03-18,2000s,4591,4,"debt, leverage, loans"
the_aviary,The Aviary,2008-05-16,2000s,5180,4,"debt, leverage, loans"
doesn_t_make_sense,Doesn’t Make Sense,2008-07-31,2000s,4075,4,"debt, leverage, loans"
plan_b,Plan B,2008-09-24,2000s,3333,4,"debt, leverage, loans"
the_limits_to_negativism,The Limits to Negativism,2008-10-15,2000s,3051,4,"debt, leverage, loans"
volatility_leverage_dynamite,Volatility + Leverage = Dynamite,2008-12-17,2000s,3761,4,"debt, leverage, loans"
the_long_view,The Long View,2009-01-09,2000s,5684,4,"debt, leverage, loans"
will_it_work,Will It Work?,2009-03-05,2000s,4108,4,"debt, leverage, loans"
so_much_that_s_false_and_nutty,So Much That’s False and Nutty,2009-07-08,2000s,5546,4,"debt, leverage, loans"
touchstones,Touchstones,2009-11-10,2000s,4506,4,"debt, leverage, loans"
warning_flags,Warning Flags,2010-05-12,2010s,3371,4,"debt, leverage, loans"
open_and_shut,Open and Shut,2010-12-01,2010s,2199,4,"debt, leverage, loans"
on_regulation,On Regulation,2011-03-02,2010s,2469,4,"debt, leverage, loans"
down_to_the_wire,Down to the Wire,2011-07-21,2010s,3232,4,"debt, leverage, loans"
what_s_behind_the_downturn,What’s Behind the Downturn?,2011-09-07,2010s,3561,4,"debt, leverage, loans"
it_s_all_a_big_mistake,It’s All a Big Mistake,2012-06-20,2010s,3379,4,"debt, leverage, loans"
the_role_of_confidence,The Role of Confidence,2013-08-05,2010s,3322,4,"debt, leverage, loans"
the_race_is_on,The Race Is On,2013-11-26,2010s,3118,4,"debt, leverage, loans"
the_lessons_of_oil,The Lessons of Oil,2014-12-18,2010s,3039,4,"debt, leverage, loans"
liquidity,Liquidity,2015-03-25,2010s,4872,4,"debt, leverage, loans"
the_seven_worst_words_in_the_world,The Seven Worst Words in the World,2018-09-26,2010s,4259,4,"debt, leverage, loans"
lessons_from_silicon_valley_bank,Lessons from Silicon Valley Bank,2023-04-17,2020s,4909,4,"debt, leverage, loans"
the_impact_of_debt,The Impact of Debt,2024-05-08,2020s,2038,4,"debt, leverage, loans"
the_route_to_performance,The Route to Performance,1990-10-12,1990s,755,5,"fund, returns, funds"
risk_in_today_s_markets,Risk in Today's Markets,1994-02-17,1990s,1395,5,"fund, returns, funds"
risk_in_today_s_markets_revisited,'Risk in Today's Markets' Revisited,1994-04-11,1990s,1867,5,"fund, returns, funds"
genius_isn_t_enough_and_other_lessons_from_long_term_capital_management,Genius Isn't Enough (and Other Lessons from Long-Term Capital Management),1998-10-09,1990s,2889,5,"fund, returns, funds"
safety_first_but_where,Safety First . . . But Where?,2001-04-10,2000s,3852,5,"fund, returns, funds"
what_s_it_all_about_alpha,"What's It All About, Alpha?",2001-07-11,2000s,3241,5,"fund, returns, funds"
the_realist_s_creed,The Realist's Creed,2002-05-31,2000s,4470,5,"fund, returns, funds"
returns_and_how_they_get_that_way,Returns and How They Get That Way,2002-11-11,2000s,4006,5,"fund, returns, funds"
the_most_important_thing,The Most Important Thing,2003-07-01,2000s,4430,5,"fund, returns, funds"
what_s_your_game_plan,What’s Your Game Plan?,2003-09-05,2000s,2861,5,"fund, returns, funds"
the_feeling_s_mutual,The Feeling's Mutual,2003-10-02,2000s,3194,5,"fund, returns, funds"
hey_steward,"Hey, Steward!!",2004-03-16,2000s,3055,5,"fund, returns, funds"
hedge_funds_a_case_for_caution,Hedge Funds: A Case for Caution,2004-10-06,2000s,3761,5,"fund, returns, funds"
oaktree_at_ten,Oaktree at Ten,2005-04-11,2000s,2445,5,"fund, returns, funds"
there_they_go_again,There They Go Again,2005-05-06,2000s,3272,5,"fund, returns, funds"
a_case_in_point,A Case in Point,2005-06-06,2000s,2531,5,"fund, returns, funds"
risk,Risk,2006-01-19,2000s,4097,5,"fund, returns, funds"
it_is_what_it_is,It Is What It Is,2006-03-27,2000s,3006,5,"fund, returns, funds"
returns_absolute_returns_and_risk,"Returns, Absolute Returns and Risk",2006-06-13,2000s,3717,5,"fund, returns, funds"
you_can_t_eat_irr,You Can’t Eat IRR,2006-07-12,2000s,3697,5,"fund, returns, funds"
dare_to_be_great,Dare to Be Great,2006-09-07,2000s,4272,5,"fund, returns, funds"
pigweed,Pigweed,2006-12-07,2000s,5420,5,"fund, returns, funds"
assessing_performance_records_a_case_study,Assessing Performance Records – A Case Study,2012-02-15,2010s,2603,5,"fund, returns, funds"
dare_to_be_great_ii,Dare to Be Great II,2014-04-08,2010s,2700,5,"fund, returns, funds"
risk_revisited,Risk Revisited,2014-09-03,2010s,5990,5,"fund, returns, funds"
lines_in_the_sand,Lines in the Sand,2017-04-18,2010s,3001,5,"fund, returns, funds"
investing_without_people,Investing Without People,2018-06-18,2010s,6065,5,"fund, returns, funds"
selling_out,Selling Out,2022-01-13,2020s,3969,5,"fund, returns, funds"
what_really_matters,What Really Matters?,2022-11-22,2020s,5964,5,"fund, returns, funds"
fewer_losers_or_more_winners,"Fewer Losers, or More Winners?",2023-09-12,2020s,4169,5,"fund, returns, funds"
the_indispensability_of_risk,The Indispensability of Risk,2024-04-17,2020s,1565,5,"fund, returns, funds"
ruminating_on_asset_allocation,Ruminating on Asset Allocation,2024-10-22,2020s,2534,5,"fund, returns, funds"
a_look_under_the_hood,A Look Under the Hood,2025-10-28,2020s,3465,5,"fund, returns, funds"
you_bet,You Bet!,2026-03-24,2020s,5617,5,"fund, returns, funds"
